prefecture,place,index,name,beforeAccess,afterAccess,beforeConfidence,afterConfidence,actions
Cyclades,Amorgos,0,Αγία Άννα,asphalt_road,asphalt_road,medium,low,confidence:medium->low|added_low_evidence_note
Cyclades,Amorgos,3,Καμπί,hiking_path_easy,unknown,medium,low,access:hiking_path_easy->unknown|confidence:medium->low|added_low_evidence_note
Cyclades,Amorgos,4,Κάτω Κάμπος,asphalt_road,asphalt_road,low,low,added_low_evidence_note
Cyclades,Amorgos,5,Λεβρωσός,hiking_path_easy,unknown,medium,low,access:hiking_path_easy->unknown|confidence:medium->low|added_low_evidence_note
Cyclades,Amorgos,7,Μούρος,asphalt_road,asphalt_road,medium,low,confidence:medium->low|added_low_evidence_note
Cyclades,Amorgos,9,Παραδείσια,asphalt_road,asphalt_road,low,low,added_low_evidence_note
Cyclades,Amorgos,10,Φοινικιές,hiking_path_easy,unknown,low,low,access:hiking_path_easy->unknown|added_low_evidence_note
Cyclades,Amorgos,11,Χόχλακας,hiking_path_easy,unknown,medium,low,access:hiking_path_easy->unknown|confidence:medium->low|added_low_evidence_note
Cyclades,Amorgos,12,Ψιλή Άμμος,hiking_path_easy,unknown,medium,low,access:hiking_path_easy->unknown|confidence:medium->low|added_low_evidence_note
Cyclades,Anafi,0,Άγιοι Ανάργυροι,asphalt_road,asphalt_road,medium,low,confidence:medium->low|added_low_evidence_note
Cyclades,Anafi,1,Βαγιά,passable_dirt_road,unknown,low,low,access:passable_dirt_road->unknown|added_low_evidence_note
Cyclades,Anafi,3,Καλαγκάθι,hiking_path_easy,unknown,low,low,access:hiking_path_easy->unknown|added_low_evidence_note
Cyclades,Anafi,4,Καταλιμάτσα,passable_dirt_road,unknown,medium,low,access:passable_dirt_road->unknown|confidence:medium->low|added_low_evidence_note
Cyclades,Anafi,5,Κατσούνι,hiking_path_easy,unknown,medium,low,access:hiking_path_easy->unknown|confidence:medium->low|added_low_evidence_note
Cyclades,Anafi,7,Λιβοσκόπος,hiking_path_easy,unknown,low,low,access:hiking_path_easy->unknown|added_low_evidence_note
Cyclades,Anafi,8,Μέγας Ποταμός,passable_dirt_road,unknown,low,low,access:passable_dirt_road->unknown|added_low_evidence_note
Cyclades,Anafi,9,Μικρός Ρούκουνας,hiking_path_easy,unknown,medium,low,access:hiking_path_easy->unknown|confidence:medium->low|added_low_evidence_note
Cyclades,Anafi,10,Ξετρυπητή,hiking_path_easy,unknown,low,low,access:hiking_path_easy->unknown|added_low_evidence_note
Cyclades,Anafi,11,Πρασιές,passable_dirt_road,unknown,low,low,access:passable_dirt_road->unknown|added_low_evidence_note
Cyclades,Anafi,12,Πράσσα,passable_dirt_road,unknown,low,low,access:passable_dirt_road->unknown|added_low_evidence_note
Cyclades,Anafi,14,Φλαμουρού,hiking_path_easy,unknown,medium,low,access:hiking_path_easy->unknown|confidence:medium->low|added_low_evidence_note
Cyclades,Andros,1,Άγιος Ιωάννης,asphalt_road,asphalt_road,low,low,added_low_evidence_note
Cyclades,Andros,4,Αρτεμίδι,hiking_path_easy,unknown,low,low,access:hiking_path_easy->unknown|added_low_evidence_note
Cyclades,Andros,8,Βλυχάδα,passable_dirt_road,unknown,medium,low,access:passable_dirt_road->unknown|confidence:medium->low|added_low_evidence_note
Cyclades,Andros,9,Βόρη,passable_dirt_road,unknown,medium,low,access:passable_dirt_road->unknown|confidence:medium->low|added_low_evidence_note
Cyclades,Andros,10,Βiντζι,asphalt_road,asphalt_road,low,low,added_low_evidence_note
Cyclades,Andros,14,Καλαμίτσι,passable_dirt_road,unknown,low,low,access:passable_dirt_road->unknown|added_low_evidence_note
Cyclades,Andros,15,Καμινάκι,hiking_path_easy,unknown,low,low,access:hiking_path_easy->unknown|added_low_evidence_note
Cyclades,Andros,18,Κουρταλή,hiking_path_easy,unknown,low,low,access:hiking_path_easy->unknown|added_low_evidence_note
Cyclades,Andros,20,Λεύκα,passable_dirt_road,unknown,low,low,access:passable_dirt_road->unknown|added_low_evidence_note
Cyclades,Andros,21,Λεφκιβάρι,hiking_path_easy,unknown,low,low,access:hiking_path_easy->unknown|added_low_evidence_note
Cyclades,Andros,22,Λιμανάκι,asphalt_road,asphalt_road,low,low,added_low_evidence_note
Cyclades,Andros,23,Λυδι,passable_dirt_road,unknown,low,low,access:passable_dirt_road->unknown|added_low_evidence_note
Cyclades,Andros,24,Μεγάλα Πέζα,passable_dirt_road,unknown,medium,low,access:passable_dirt_road->unknown|confidence:medium->low|added_low_evidence_note
Cyclades,Andros,25,Μικρά Πέζα,hiking_path_easy,unknown,medium,low,access:hiking_path_easy->unknown|confidence:medium->low|added_low_evidence_note
Cyclades,Andros,26,Μικρογιάλι,hiking_path_easy,unknown,low,low,access:hiking_path_easy->unknown|added_low_evidence_note
Cyclades,Andros,29,Παλαιοπολη,asphalt_road,asphalt_road,medium,low,confidence:medium->low|added_low_evidence_note
Cyclades,Andros,30,Παραλία Φελού,asphalt_road,asphalt_road,medium,low,confidence:medium->low|added_low_evidence_note
Cyclades,Andros,31,Παραπόρτι,asphalt_road,asphalt_road,medium,low,confidence:medium->low|added_low_evidence_note
Cyclades,Andros,33,Πίσω Λιμνιώνας,passable_dirt_road,unknown,low,low,access:passable_dirt_road->unknown|added_low_evidence_note
Cyclades,Andros,34,Πλατανιστός,passable_dirt_road,unknown,low,low,access:passable_dirt_road->unknown|added_low_evidence_note
Cyclades,Andros,35,Πύργος,passable_dirt_road,unknown,low,low,access:passable_dirt_road->unknown|added_low_evidence_note
Cyclades,Andros,36,Ρόζος,hiking_path_easy,unknown,low,low,access:hiking_path_easy->unknown|added_low_evidence_note
Cyclades,Andros,37,Στενό (Σταυρός),passable_dirt_road,unknown,low,low,access:passable_dirt_road->unknown|added_low_evidence_note
Cyclades,Andros,38,Συνετί,asphalt_road,asphalt_road,medium,low,confidence:medium->low|added_low_evidence_note
Cyclades,Antiparos,0,Άγιος Σώστης,passable_dirt_road,unknown,low,low,access:passable_dirt_road->unknown|added_low_evidence_note
Cyclades,Antiparos,1,Ακτή Παναγίας Φανερωμένης,passable_dirt_road,unknown,medium,low,access:passable_dirt_road->unknown|confidence:medium->low|added_low_evidence_note
Cyclades,Antiparos,3,Θεολόγος,asphalt_road,asphalt_road,medium,low,confidence:medium->low|added_low_evidence_note
Cyclades,Antiparos,4,Καλούδια,asphalt_road,asphalt_road,low,low,added_low_evidence_note
Cyclades,Antiparos,5,Λιβάδι,passable_dirt_road,unknown,medium,low,access:passable_dirt_road->unknown|confidence:medium->low|added_low_evidence_note
Cyclades,Antiparos,6,Λιβάδια,passable_dirt_road,unknown,medium,low,access:passable_dirt_road->unknown|confidence:medium->low|added_low_evidence_note
Cyclades,Antiparos,9,Σιφνέικο,asphalt_road,asphalt_road,medium,low,confidence:medium->low|added_low_evidence_note
Cyclades,Antiparos,11,Φανερωμένη,passable_dirt_road,unknown,medium,low,access:passable_dirt_road->unknown|confidence:medium->low|added_low_evidence_note
Cyclades,Donousa,0,Κέδρος,hiking_path_easy,unknown,medium,low,access:hiking_path_easy->unknown|confidence:medium->low|added_low_evidence_note
Cyclades,Donousa,1,Λιβάδι,hiking_path_easy,unknown,medium,low,access:hiking_path_easy->unknown|confidence:medium->low|added_low_evidence_note
Cyclades,Donousa,2,Λιμενάρι,hiking_path_easy,unknown,low,low,access:hiking_path_easy->unknown|added_low_evidence_note
Cyclades,Folegandros,0,Άγιος Γεώργιος,passable_dirt_road,unknown,medium,low,access:passable_dirt_road->unknown|confidence:medium->low|added_low_evidence_note
Cyclades,Folegandros,3,Αμπέλι,passable_dirt_road,unknown,medium,low,access:passable_dirt_road->unknown|confidence:medium->low|added_low_evidence_note
Cyclades,Folegandros,4,Βάρδια,hiking_path_easy,unknown,medium,low,access:hiking_path_easy->unknown|confidence:medium->low|added_low_evidence_note
Cyclades,Folegandros,5,Βιτσέντζου,hiking_path_easy,unknown,low,low,access:hiking_path_easy->unknown|added_low_evidence_note
Cyclades,Folegandros,6,Γάλιφος,hiking_path_easy,unknown,medium,low,access:hiking_path_easy->unknown|confidence:medium->low|added_low_evidence_note
Cyclades,Folegandros,9,Λατινάκι,hiking_path_easy,unknown,medium,low,access:hiking_path_easy->unknown|confidence:medium->low|added_low_evidence_note
Cyclades,Folegandros,11,Λιβάδι,asphalt_road,asphalt_road,medium,low,confidence:medium->low|added_low_evidence_note
Cyclades,Folegandros,12,Λυγαριά,hiking_path_easy,unknown,low,low,access:hiking_path_easy->unknown|added_low_evidence_note
Cyclades,Folegandros,13,Παραλία Βορεινά,hiking_path_easy,unknown,medium,low,access:hiking_path_easy->unknown|confidence:medium->low|added_low_evidence_note
Cyclades,Folegandros,14,Πουντάκι,hiking_path_easy,unknown,low,low,access:hiking_path_easy->unknown|added_low_evidence_note
Cyclades,Folegandros,15,Φηρά,hiking_path_easy,unknown,medium,low,access:hiking_path_easy->unknown|confidence:medium->low|added_low_evidence_note
Cyclades,Ios,1,Gero Aggeli,hiking_path_easy,unknown,low,low,access:hiking_path_easy->unknown|added_low_evidence_note
Cyclades,Ios,2,Kalo Avlaki,hiking_path_easy,unknown,low,low,access:hiking_path_easy->unknown|added_low_evidence_note
Cyclades,Ios,3,Plakotos,passable_dirt_road,unknown,low,low,access:passable_dirt_road->unknown|added_low_evidence_note
Cyclades,Ios,5,Αγία Κυριακή,passable_dirt_road,unknown,low,low,access:passable_dirt_road->unknown|added_low_evidence_note
Cyclades,Ios,7,Αλμυρός,asphalt_road,asphalt_road,medium,low,confidence:medium->low|added_low_evidence_note
Cyclades,Ios,8,Αντώναρου,hiking_path_easy,unknown,low,low,access:hiking_path_easy->unknown|added_low_evidence_note
Cyclades,Ios,9,Βαθύ Ρέμα,passable_dirt_road,unknown,low,low,access:passable_dirt_road->unknown|added_low_evidence_note
Cyclades,Ios,11,Διαμμούδια,passable_dirt_road,unknown,low,low,access:passable_dirt_road->unknown|added_low_evidence_note
Cyclades,Ios,13,Καμπάκι,hiking_path_easy,unknown,low,low,access:hiking_path_easy->unknown|added_low_evidence_note
Cyclades,Ios,14,Καρατζάς,hiking_path_easy,unknown,low,low,access:hiking_path_easy->unknown|added_low_evidence_note
Cyclades,Ios,20,Κρεμαστό,hiking_path_easy,unknown,low,low,access:hiking_path_easy->unknown|added_low_evidence_note
Cyclades,Ios,22,Λουκά Αυλάκι,hiking_path_easy,unknown,low,low,access:hiking_path_easy->unknown|added_low_evidence_note
Cyclades,Ios,24,Μανούσου,hiking_path_easy,unknown,low,low,access:hiking_path_easy->unknown|added_low_evidence_note
Cyclades,Ios,26,Νεράκι,hiking_path_easy,unknown,medium,low,access:hiking_path_easy->unknown|confidence:medium->low|added_low_evidence_note
Cyclades,Ios,29,Παναγιά,passable_dirt_road,unknown,low,low,access:passable_dirt_road->unknown|added_low_evidence_note
Cyclades,Ios,31,Πεπάνη,hiking_path_easy,unknown,low,low,access:hiking_path_easy->unknown|added_low_evidence_note
Cyclades,Ios,32,Περάμμος,passable_dirt_road,unknown,low,low,access:passable_dirt_road->unknown|added_low_evidence_note
Cyclades,Ios,33,Πηγάδι,hiking_path_easy,unknown,low,low,access:hiking_path_easy->unknown|added_low_evidence_note
Cyclades,Ios,36,Ρούσσου,hiking_path_easy,unknown,low,low,access:hiking_path_easy->unknown|added_low_evidence_note
Cyclades,Ios,37,Σαντορινέικο,hiking_path_easy,unknown,low,low,access:hiking_path_easy->unknown|added_low_evidence_note
Cyclades,Ios,39,Σοφιάς Αυλάκι,hiking_path_easy,unknown,low,low,access:hiking_path_easy->unknown|added_low_evidence_note
Cyclades,Ios,41,Το αυλάκι τού Βηζίρη,hiking_path_easy,unknown,low,low,access:hiking_path_easy->unknown|added_low_evidence_note
Cyclades,Ios,42,Τουρλά,passable_dirt_road,unknown,low,low,access:passable_dirt_road->unknown|added_low_evidence_note
Cyclades,Ios,47,Χάλαρα,passable_dirt_road,unknown,low,low,access:passable_dirt_road->unknown|added_low_evidence_note
Cyclades,Kea,0,Άγιος Φίλιππος,passable_dirt_road,unknown,low,low,access:passable_dirt_road->unknown|added_low_evidence_note
Cyclades,Kea,1,Αβύθου,hiking_path_easy,unknown,low,low,access:hiking_path_easy->unknown|added_low_evidence_note
Cyclades,Kea,2,Βλαντή,hiking_path_easy,unknown,low,low,access:hiking_path_easy->unknown|added_low_evidence_note
Cyclades,Kea,3,Βρόσκοπος,passable_dirt_road,unknown,medium,low,access:passable_dirt_road->unknown|confidence:medium->low|added_low_evidence_note
Cyclades,Kea,5,Καλαμίτσι,passable_dirt_road,unknown,low,low,access:passable_dirt_road->unknown|added_low_evidence_note
Cyclades,Kea,6,Καληδονύχι,passable_dirt_road,unknown,low,low,access:passable_dirt_road->unknown|added_low_evidence_note
Cyclades,Kea,7,Καλησκιά,hiking_path_easy,unknown,low,low,access:hiking_path_easy->unknown|added_low_evidence_note
Cyclades,Kea,8,Καλόγηρος,passable_dirt_road,unknown,low,low,access:passable_dirt_road->unknown|added_low_evidence_note
Cyclades,Kea,9,Καμπί,asphalt_road,asphalt_road,medium,low,confidence:medium->low|added_low_evidence_note
Cyclades,Kea,10,Καστριανή,hiking_path_easy,unknown,low,low,access:hiking_path_easy->unknown|added_low_evidence_note
Cyclades,Kea,12,Λαδού,hiking_path_easy,unknown,low,low,access:hiking_path_easy->unknown|added_low_evidence_note
Cyclades,Kea,13,Λιπαρό,asphalt_road,asphalt_road,medium,low,confidence:medium->low|added_low_evidence_note
Cyclades,Kea,14,Λυγιά,passable_dirt_road,unknown,low,low,access:passable_dirt_road->unknown|added_low_evidence_note
Cyclades,Kea,15,Μαβιά,hiking_path_easy,unknown,low,low,access:hiking_path_easy->unknown|added_low_evidence_note
Cyclades,Kea,16,Μαυραμπέλι,passable_dirt_road,unknown,medium,low,access:passable_dirt_road->unknown|confidence:medium->low|added_low_evidence_note
Cyclades,Kea,17,Μεγάλες Πόλες,hiking_path_easy,unknown,medium,low,access:hiking_path_easy->unknown|confidence:medium->low|added_low_evidence_note
Cyclades,Kea,18,Μικρές Πόλες,hiking_path_easy,unknown,medium,low,access:hiking_path_easy->unknown|confidence:medium->low|added_low_evidence_note
Cyclades,Kea,20,Ορκός,passable_dirt_road,unknown,medium,low,access:passable_dirt_road->unknown|confidence:medium->low|added_low_evidence_note
Cyclades,Kea,22,Πετρούσα,hiking_path_easy,unknown,low,low,access:hiking_path_easy->unknown|added_low_evidence_note
Cyclades,Kea,24,Σιδερού,hiking_path_easy,unknown,low,low,access:hiking_path_easy->unknown|added_low_evidence_note
Cyclades,Kea,26,Στέφα,hiking_path_easy,unknown,low,low,access:hiking_path_easy->unknown|added_low_evidence_note
Cyclades,Kea,27,Συκαμιά,passable_dirt_road,unknown,medium,low,access:passable_dirt_road->unknown|confidence:medium->low|added_low_evidence_note
Cyclades,Kea,28,Σχίνος,hiking_path_easy,unknown,low,low,access:hiking_path_easy->unknown|added_low_evidence_note
Cyclades,Kea,29,Τηλέγραφος,passable_dirt_road,unknown,low,low,access:passable_dirt_road->unknown|added_low_evidence_note
Cyclades,Kea,30,Φρέας,hiking_path_easy,unknown,low,low,access:hiking_path_easy->unknown|added_low_evidence_note
Cyclades,Kea,31,Χυλιαμόδου,passable_dirt_road,unknown,low,low,access:passable_dirt_road->unknown|added_low_evidence_note
Cyclades,Kea,32,Ψαθί,hiking_path_easy,unknown,low,low,access:hiking_path_easy->unknown|added_low_evidence_note
Cyclades,Kea,33,Ψιλή Άμμος,passable_dirt_road,unknown,low,low,access:passable_dirt_road->unknown|added_low_evidence_note
Cyclades,Kimolos,0,Αγιόκλημα,hiking_path_easy,unknown,medium,low,access:hiking_path_easy->unknown|confidence:medium->low|added_low_evidence_note
Cyclades,Kimolos,1,Άγιος Μηνάς,hiking_path_easy,unknown,low,low,access:hiking_path_easy->unknown|added_low_evidence_note
Cyclades,Kimolos,3,Βρουλίδι,hiking_path_easy,unknown,medium,low,access:hiking_path_easy->unknown|confidence:medium->low|added_low_evidence_note
Cyclades,Kimolos,4,Βρωμολίμνη,hiking_path_easy,unknown,medium,low,access:hiking_path_easy->unknown|confidence:medium->low|added_low_evidence_note
Cyclades,Kimolos,5,Γκιώνη,hiking_path_easy,unknown,low,low,access:hiking_path_easy->unknown|added_low_evidence_note
Cyclades,Kimolos,6,Ελληνικά,passable_dirt_road,unknown,medium,low,access:passable_dirt_road->unknown|confidence:medium->low|added_low_evidence_note
Cyclades,Kimolos,7,Θερμά,hiking_path_easy,unknown,medium,low,access:hiking_path_easy->unknown|confidence:medium->low|added_low_evidence_note
Cyclades,Kimolos,9,Κλήμα,asphalt_road,asphalt_road,medium,low,confidence:medium->low|added_low_evidence_note
Cyclades,Kimolos,10,Λάκος,asphalt_road,asphalt_road,low,low,added_low_evidence_note
Cyclades,Kimolos,11,Μακροπούντα,hiking_path_easy,unknown,medium,low,access:hiking_path_easy->unknown|confidence:medium->low|added_low_evidence_note
Cyclades,Kimolos,13,Μερσίνα,passable_dirt_road,unknown,low,low,access:passable_dirt_road->unknown|added_low_evidence_note
Cyclades,Kimolos,14,Μοναστήρια,passable_dirt_road,unknown,medium,low,access:passable_dirt_road->unknown|confidence:medium->low|added_low_evidence_note
Cyclades,Koufonisia,1,Αφρυανιά,hiking_path_easy,unknown,low,low,access:hiking_path_easy->unknown|added_low_evidence_note
Cyclades,Koufonisia,2,Γενούπας,hiking_path_easy,unknown,low,low,access:hiking_path_easy->unknown|added_low_evidence_note
Cyclades,Koufonisia,4,Ιταλίδα,hiking_path_easy,unknown,medium,low,access:hiking_path_easy->unknown|confidence:medium->low|added_low_evidence_note
Cyclades,Koufonisia,5,Λάκοι,hiking_path_easy,unknown,low,low,access:hiking_path_easy->unknown|added_low_evidence_note
Cyclades,Koufonisia,7,Λίμνη,hiking_path_easy,unknown,low,low,access:hiking_path_easy->unknown|added_low_evidence_note
Cyclades,Koufonisia,8,Λίμνη,hiking_path_easy,unknown,low,low,access:hiking_path_easy->unknown|added_low_evidence_note
Cyclades,Koufonisia,9,Λίμνη,hiking_path_easy,unknown,low,low,access:hiking_path_easy->unknown|added_low_evidence_note
Cyclades,Koufonisia,10,Λουτρό,hiking_path_easy,unknown,medium,low,access:hiking_path_easy->unknown|confidence:medium->low|added_low_evidence_note
Cyclades,Koufonisia,14,Πόρτα,hiking_path_easy,unknown,low,low,access:hiking_path_easy->unknown|added_low_evidence_note
Cyclades,Kythnos,1,Άγιος Ιωάννης,hiking_path_easy,unknown,low,low,access:hiking_path_easy->unknown|added_low_evidence_note
Cyclades,Kythnos,2,Άγιος Νικόλαος,hiking_path_easy,unknown,low,low,access:hiking_path_easy->unknown|added_low_evidence_note
Cyclades,Kythnos,4,Άγιος Σώστης,passable_dirt_road,unknown,medium,low,access:passable_dirt_road->unknown|confidence:medium->low|added_low_evidence_note
Cyclades,Kythnos,6,Αγκορίτσα,hiking_path_easy,unknown,low,low,access:hiking_path_easy->unknown|added_low_evidence_note
Cyclades,Kythnos,7,Αλυκή,hiking_path_easy,unknown,low,low,access:hiking_path_easy->unknown|added_low_evidence_note
Cyclades,Kythnos,8,Αντώνηδες,hiking_path_easy,unknown,low,low,access:hiking_path_easy->unknown|added_low_evidence_note
Cyclades,Kythnos,10,Αόσα,hiking_path_easy,unknown,low,low,access:hiking_path_easy->unknown|added_low_evidence_note
Cyclades,Kythnos,11,Βασιλικό,hiking_path_easy,unknown,low,low,access:hiking_path_easy->unknown|added_low_evidence_note
Cyclades,Kythnos,12,Γαλάζια Ακτή,hiking_path_easy,unknown,low,low,access:hiking_path_easy->unknown|added_low_evidence_note
Cyclades,Kythnos,13,Γαϊδουρόμαντρα,passable_dirt_road,unknown,medium,low,access:passable_dirt_road->unknown|confidence:medium->low|added_low_evidence_note
Cyclades,Kythnos,15,Ζογκάκι,hiking_path_easy,unknown,low,low,access:hiking_path_easy->unknown|added_low_evidence_note
Cyclades,Kythnos,16,Καβουροχέρι,hiking_path_easy,unknown,low,low,access:hiking_path_easy->unknown|added_low_evidence_note
Cyclades,Kythnos,17,Κακή Μαρία,hiking_path_easy,unknown,low,low,access:hiking_path_easy->unknown|added_low_evidence_note
Cyclades,Kythnos,18,Καλό Λιβάδι,hiking_path_easy,unknown,low,low,access:hiking_path_easy->unknown|added_low_evidence_note
Cyclades,Kythnos,19,Καστέλλα,passable_dirt_road,unknown,medium,low,access:passable_dirt_road->unknown|confidence:medium->low|added_low_evidence_note
Cyclades,Kythnos,20,Κολοβελόνη,hiking_path_easy,unknown,low,low,access:hiking_path_easy->unknown|added_low_evidence_note
Cyclades,Kythnos,21,Κουρή,hiking_path_easy,unknown,low,low,access:hiking_path_easy->unknown|added_low_evidence_note
Cyclades,Kythnos,22,Λαγκούση,hiking_path_easy,unknown,low,low,access:hiking_path_easy->unknown|added_low_evidence_note
Cyclades,Kythnos,23,Λεύκες,passable_dirt_road,unknown,medium,low,access:passable_dirt_road->unknown|confidence:medium->low|added_low_evidence_note
Cyclades,Kythnos,24,Λιβαδάκι,hiking_path_easy,unknown,low,low,access:hiking_path_easy->unknown|added_low_evidence_note
Cyclades,Kythnos,25,Μαρκουλη,hiking_path_easy,unknown,low,low,access:hiking_path_easy->unknown|added_low_evidence_note
Cyclades,Kythnos,26,Μαρούλα,hiking_path_easy,unknown,low,low,access:hiking_path_easy->unknown|added_low_evidence_note
Cyclades,Kythnos,28,Μικρό Λιβαδάκι,hiking_path_easy,unknown,low,low,access:hiking_path_easy->unknown|added_low_evidence_note
Cyclades,Kythnos,29,Νίκα,hiking_path_easy,unknown,low,low,access:hiking_path_easy->unknown|added_low_evidence_note
Cyclades,Kythnos,31,Πετρούσα,passable_dirt_road,unknown,medium,low,access:passable_dirt_road->unknown|confidence:medium->low|added_low_evidence_note
Cyclades,Kythnos,32,Ποντίκια,hiking_path_easy,unknown,low,low,access:hiking_path_easy->unknown|added_low_evidence_note
Cyclades,Kythnos,33,Ποταμιά,passable_dirt_road,unknown,medium,low,access:passable_dirt_road->unknown|confidence:medium->low|added_low_evidence_note
Cyclades,Kythnos,34,Σι Μου Σι,passable_dirt_road,unknown,medium,low,access:passable_dirt_road->unknown|confidence:medium->low|added_low_evidence_note
Cyclades,Kythnos,35,Σκινάρι,hiking_path_easy,unknown,low,low,access:hiking_path_easy->unknown|added_low_evidence_note
Cyclades,Kythnos,36,Σκλαβός,hiking_path_easy,unknown,low,low,access:hiking_path_easy->unknown|added_low_evidence_note
Cyclades,Kythnos,37,Σκύλου,passable_dirt_road,unknown,medium,low,access:passable_dirt_road->unknown|confidence:medium->low|added_low_evidence_note
Cyclades,Kythnos,38,Στύφος,passable_dirt_road,unknown,medium,low,access:passable_dirt_road->unknown|confidence:medium->low|added_low_evidence_note
Cyclades,Milos,0,Άγιος Δημήτριος,asphalt_road,asphalt_road,low,low,added_low_evidence_note
Cyclades,Milos,2,Άγιος Σώστης,asphalt_road,asphalt_road,low,low,added_low_evidence_note
Cyclades,Milos,7,Γερανιά,asphalt_road,asphalt_road,low,low,added_low_evidence_note
Cyclades,Milos,9,Κάλαμος,asphalt_road,asphalt_road,low,low,added_low_evidence_note
Cyclades,Milos,10,Κάπρος,asphalt_road,asphalt_road,low,low,added_low_evidence_note
Cyclades,Milos,12,Κήποι,asphalt_road,asphalt_road,low,low,added_low_evidence_note
Cyclades,Milos,13,Καμπάνες,asphalt_road,asphalt_road,low,low,added_low_evidence_note
Cyclades,Milos,14,Λαγκάδα,asphalt_road,asphalt_road,low,low,added_low_evidence_note
Cyclades,Milos,15,Ναυτικός Όμιλος Μήλου,asphalt_road,asphalt_road,low,low,added_low_evidence_note
Cyclades,Milos,16,Νεροδάφνη,asphalt_road,asphalt_road,low,low,added_low_evidence_note
Cyclades,Milos,18,Παπάφραγκας,hiking_path_easy,unknown,medium,low,access:hiking_path_easy->unknown|confidence:medium->low|added_low_evidence_note
Cyclades,Milos,20,Παραλία Αγγαθια,asphalt_road,asphalt_road,low,low,added_low_evidence_note
Cyclades,Milos,23,Ριβάρι,asphalt_road,asphalt_road,low,low,added_low_evidence_note
Cyclades,Milos,24,Σαρακήνικο,asphalt_road,asphalt_road,medium,low,confidence:medium->low|added_low_evidence_note
Cyclades,Milos,25,Τουρκοθάλασσα,asphalt_road,asphalt_road,low,low,added_low_evidence_note
Cyclades,Milos,28,Φατούρενα,asphalt_road,asphalt_road,low,low,added_low_evidence_note
Cyclades,Milos,30,Φυρλίνγκος,asphalt_road,asphalt_road,low,low,added_low_evidence_note
Cyclades,Milos,32,Ψαθί,asphalt_road,asphalt_road,low,low,added_low_evidence_note
Cyclades,Milos,33,Ψαροβολάδα,asphalt_road,asphalt_road,low,low,added_low_evidence_note
Cyclades,Milos,35,Αγκάλη,asphalt_road,asphalt_road,low,low,added_low_evidence_note
Cyclades,Milos,36,Βούδια,asphalt_road,asphalt_road,medium,low,confidence:medium->low|added_low_evidence_note
Cyclades,Milos,37,Καστανάς,passable_dirt_road,unknown,medium,low,access:passable_dirt_road->unknown|confidence:medium->low|added_low_evidence_note
Cyclades,Milos,38,Κολυμπισιώνας,hiking_path_easy,unknown,low,low,access:hiking_path_easy->unknown|added_low_evidence_note
Cyclades,Milos,39,Ρέμα,hiking_path_easy,unknown,low,low,access:hiking_path_easy->unknown|added_low_evidence_note
Cyclades,Milos,40,Τρία Πηγάδια,passable_dirt_road,unknown,medium,low,access:passable_dirt_road->unknown|confidence:medium->low|added_low_evidence_note
Cyclades,Mykonos,15,Κάπαρη,passable_dirt_road,unknown,medium,low,access:passable_dirt_road->unknown|confidence:medium->low|added_low_evidence_note
Cyclades,Mykonos,17,Κάτω Τηγάνι,passable_dirt_road,unknown,medium,low,access:passable_dirt_road->unknown|confidence:medium->low|added_low_evidence_note
Cyclades,Mykonos,20,Λούλος,passable_dirt_road,unknown,medium,low,access:passable_dirt_road->unknown|confidence:medium->low|added_low_evidence_note
Cyclades,Mykonos,23,Μερσίνη,passable_dirt_road,unknown,medium,low,access:passable_dirt_road->unknown|confidence:medium->low|added_low_evidence_note
Cyclades,Mykonos,24,Μερχιά,passable_dirt_road,unknown,medium,low,access:passable_dirt_road->unknown|confidence:medium->low|added_low_evidence_note
Cyclades,Mykonos,33,Τηγάνι,passable_dirt_road,unknown,medium,low,access:passable_dirt_road->unknown|confidence:medium->low|added_low_evidence_note
Cyclades,Mykonos,36,Φραγκιά,passable_dirt_road,unknown,medium,low,access:passable_dirt_road->unknown|confidence:medium->low|added_low_evidence_note
Cyclades,Naxos,21,Παραλία Λιμνάρι,passable_dirt_road,unknown,low,low,access:passable_dirt_road->unknown|added_low_evidence_note
Cyclades,Naxos,23,Μελινό,passable_dirt_road,unknown,low,low,access:passable_dirt_road->unknown|added_low_evidence_note
Cyclades,Naxos,34,Παραλία Σπεδό,passable_dirt_road,unknown,low,low,access:passable_dirt_road->unknown|added_low_evidence_note
Cyclades,Naxos,37,Παραλία Ψωφαγριλιά,passable_dirt_road,unknown,low,low,access:passable_dirt_road->unknown|added_low_evidence_note
Cyclades,Paros,1,Άγιος Δημήτριος,asphalt_road,asphalt_road,low,low,added_low_evidence_note
Cyclades,Paros,2,Άγιος Στέφανος,asphalt_road,asphalt_road,low,low,added_low_evidence_note
Cyclades,Paros,3,Αμπελάς,asphalt_road,asphalt_road,medium,low,confidence:medium->low|added_low_evidence_note
Cyclades,Paros,4,Άσπρος Γκρεμός,asphalt_road,asphalt_road,low,low,added_low_evidence_note
Cyclades,Paros,5,Βουτάκος,passable_dirt_road,unknown,medium,low,access:passable_dirt_road->unknown|confidence:medium->low|added_low_evidence_note
Cyclades,Paros,6,Γλυφάδες,passable_dirt_road,unknown,medium,low,access:passable_dirt_road->unknown|confidence:medium->low|added_low_evidence_note
Cyclades,Paros,9,Καλόγερος,passable_dirt_road,unknown,medium,low,access:passable_dirt_road->unknown|confidence:medium->low|added_low_evidence_note
Cyclades,Paros,12,Λάγγερη,hiking_path_easy,unknown,medium,low,access:hiking_path_easy->unknown|confidence:medium->low|added_low_evidence_note
Cyclades,Paros,14,Λίμνες,asphalt_road,asphalt_road,low,low,added_low_evidence_note
Cyclades,Paros,16,Λωλαντώνης,asphalt_road,asphalt_road,medium,low,confidence:medium->low|added_low_evidence_note
Cyclades,Paros,20,Μώλος,asphalt_road,asphalt_road,medium,low,confidence:medium->low|added_low_evidence_note
Cyclades,Paros,21,Ναυτικός όμιλος Πάρου,asphalt_road,asphalt_road,low,low,added_low_evidence_note
Cyclades,Paros,22,Ξυφάρα,asphalt_road,asphalt_road,medium,low,confidence:medium->low|added_low_evidence_note
Cyclades,Paros,23,Παραλία Αγκάλη Χρυσής Ακτής,asphalt_road,asphalt_road,low,low,added_low_evidence_note
Cyclades,Paros,28,Πιπέρι,asphalt_road,asphalt_road,low,low,added_low_evidence_note
Cyclades,Paros,30,Πυργάκι,asphalt_road,asphalt_road,low,low,added_low_evidence_note
Cyclades,Paros,32,Τούρκου Άμμος,hiking_path_easy,unknown,medium,low,access:hiking_path_easy->unknown|confidence:medium->low|added_low_evidence_note
Cyclades,Paros,34,Τσουκαλιά,passable_dirt_road,unknown,medium,low,access:passable_dirt_road->unknown|confidence:medium->low|added_low_evidence_note
Cyclades,Schinoussa,0,Γερολιμνιώνας,hiking_path_easy,unknown,low,low,access:hiking_path_easy->unknown|added_low_evidence_note
Cyclades,Schinoussa,3,Πορτοκάλι,hiking_path_easy,unknown,low,low,access:hiking_path_easy->unknown|added_low_evidence_note
Cyclades,Schinoussa,5,Φουντάνα,hiking_path_easy,unknown,low,low,access:hiking_path_easy->unknown|added_low_evidence_note
Cyclades,Schinoussa,6,Φυκιό,hiking_path_easy,unknown,low,low,access:hiking_path_easy->unknown|added_low_evidence_note
Cyclades,Serifos,0,Αβεσσαλός,passable_dirt_road,unknown,low,low,access:passable_dirt_road->unknown|added_low_evidence_note
Cyclades,Serifos,1,Άγιος Σώστης,hiking_path_easy,unknown,low,low,access:hiking_path_easy->unknown|added_low_evidence_note
Cyclades,Serifos,2,Άη Γιάννης,hiking_path_easy,unknown,low,low,access:hiking_path_easy->unknown|added_low_evidence_note
Cyclades,Serifos,3,Αλευράκια,hiking_path_easy,unknown,low,low,access:hiking_path_easy->unknown|added_low_evidence_note
Cyclades,Serifos,5,Αχλάδι,hiking_path_easy,unknown,low,low,access:hiking_path_easy->unknown|added_low_evidence_note
Cyclades,Serifos,7,Βορεινό,hiking_path_easy,unknown,low,low,access:hiking_path_easy->unknown|added_low_evidence_note
Cyclades,Serifos,9,Γιαλούδι,hiking_path_easy,unknown,low,low,access:hiking_path_easy->unknown|added_low_evidence_note
Cyclades,Serifos,11,Καλόγερος,hiking_path_easy,unknown,low,low,access:hiking_path_easy->unknown|added_low_evidence_note
Cyclades,Serifos,12,Καραβάς,hiking_path_easy,unknown,low,low,access:hiking_path_easy->unknown|added_low_evidence_note
Cyclades,Serifos,14,Κένταρχος,hiking_path_easy,unknown,low,low,access:hiking_path_easy->unknown|added_low_evidence_note
Cyclades,Serifos,16,Λιά,hiking_path_easy,unknown,low,low,access:hiking_path_easy->unknown|added_low_evidence_note
Cyclades,Serifos,18,Μαλιάδικο,hiking_path_easy,unknown,low,low,access:hiking_path_easy->unknown|added_low_evidence_note
Cyclades,Serifos,20,Μεσιανό,hiking_path_easy,unknown,low,low,access:hiking_path_easy->unknown|added_low_evidence_note
Cyclades,Serifos,22,Σκάλα,hiking_path_easy,unknown,low,low,access:hiking_path_easy->unknown|added_low_evidence_note
Cyclades,Sifnos,3,Βλυχάδα,hiking_path_easy,unknown,low,low,access:hiking_path_easy->unknown|added_low_evidence_note
Cyclades,Sifnos,11,Σάουρες,hiking_path_easy,unknown,low,low,access:hiking_path_easy->unknown|added_low_evidence_note
Cyclades,Sikinos,1,Άγιος Παντελεήμονας,hiking_path_easy,unknown,low,low,access:hiking_path_easy->unknown|added_low_evidence_note
Cyclades,Sikinos,2,Διαλισκάρι,asphalt_road,asphalt_road,medium,low,confidence:medium->low|added_low_evidence_note
Cyclades,Sikinos,4,Σαντορινέικα,hiking_path_easy,unknown,low,low,access:hiking_path_easy->unknown|added_low_evidence_note
Cyclades,Syros,7,Αη Λουκάς,hiking_path_easy,unknown,low,low,access:hiking_path_easy->unknown|added_low_evidence_note
Cyclades,Syros,10,Αρμεός,hiking_path_easy,unknown,low,low,access:hiking_path_easy->unknown|added_low_evidence_note
Cyclades,Syros,12,Βαθύ Γιαλούδι,hiking_path_easy,unknown,low,low,access:hiking_path_easy->unknown|added_low_evidence_note
Cyclades,Syros,21,Μέγας Λάκος,hiking_path_easy,unknown,low,low,access:hiking_path_easy->unknown|added_low_evidence_note
Cyclades,Tinos,0,Αγία Κυριακή,asphalt_road,asphalt_road,low,low,added_low_evidence_note
Cyclades,Tinos,1,Αγιος Δημήτριος,asphalt_road,asphalt_road,low,low,added_low_evidence_note
Cyclades,Tinos,3,Άγιος Πέτρος,asphalt_road,asphalt_road,low,low,added_low_evidence_note
Cyclades,Tinos,7,Αγκάλη,asphalt_road,asphalt_road,low,low,added_low_evidence_note
Cyclades,Tinos,8,Απηγανιά,passable_dirt_road,unknown,medium,low,access:passable_dirt_road->unknown|confidence:medium->low|added_low_evidence_note
Cyclades,Tinos,9,Αποθήκες,passable_dirt_road,unknown,medium,low,access:passable_dirt_road->unknown|confidence:medium->low|added_low_evidence_note
Cyclades,Tinos,10,Άσπρος Γυαλός,asphalt_road,asphalt_road,low,low,added_low_evidence_note
Cyclades,Tinos,11,Βαθύ Υστερνίων,passable_dirt_road,unknown,medium,low,access:passable_dirt_road->unknown|confidence:medium->low|added_low_evidence_note
Cyclades,Tinos,12,Βαθύ ΒΑ Τήνου,passable_dirt_road,unknown,medium,low,access:passable_dirt_road->unknown|confidence:medium->low|added_low_evidence_note
Cyclades,Tinos,13,Εμπρος Διαλισκάρ,asphalt_road,asphalt_road,low,low,added_low_evidence_note
Cyclades,Tinos,14,Καλύβια,asphalt_road,asphalt_road,low,low,added_low_evidence_note
Cyclades,Tinos,15,Καντάνη,asphalt_road,asphalt_road,low,low,added_low_evidence_note
Cyclades,Tinos,19,Κουσίνια,asphalt_road,asphalt_road,low,low,added_low_evidence_note
Cyclades,Tinos,21,Λυχναυτιά,asphalt_road,asphalt_road,low,low,added_low_evidence_note
Cyclades,Tinos,22,Μαλλί,passable_dirt_road,unknown,medium,low,access:passable_dirt_road->unknown|confidence:medium->low|added_low_evidence_note
Cyclades,Tinos,23,Μαντροκλήσι,asphalt_road,asphalt_road,low,low,added_low_evidence_note
Cyclades,Tinos,26,Πανούσα,asphalt_road,asphalt_road,low,low,added_low_evidence_note
Cyclades,Tinos,27,Παραλία Αγία Θάλασσα,passable_dirt_road,unknown,medium,low,access:passable_dirt_road->unknown|confidence:medium->low|added_low_evidence_note
Cyclades,Tinos,28,Παραλία Καβαλουρκό,passable_dirt_road,unknown,medium,low,access:passable_dirt_road->unknown|confidence:medium->low|added_low_evidence_note
Cyclades,Tinos,29,Παραλία Σταυρός,asphalt_road,asphalt_road,low,low,added_low_evidence_note
Cyclades,Tinos,30,Παχιά άμμος,passable_dirt_road,unknown,medium,low,access:passable_dirt_road->unknown|confidence:medium->low|added_low_evidence_note
Cyclades,Tinos,31,Πίσω Διαλισκαρ,asphalt_road,asphalt_road,low,low,added_low_evidence_note
Cyclades,Tinos,32,Πλατιά Άμμος,passable_dirt_road,unknown,medium,low,access:passable_dirt_road->unknown|confidence:medium->low|added_low_evidence_note
Cyclades,Tinos,33,Πλατύς Γιαλός,asphalt_road,asphalt_road,low,low,added_low_evidence_note
Cyclades,Tinos,35,Σάντα Μαργαρίτα,passable_dirt_road,unknown,medium,low,access:passable_dirt_road->unknown|confidence:medium->low|added_low_evidence_note
Cyclades,Tinos,36,Σκληρός,asphalt_road,asphalt_road,low,low,added_low_evidence_note
Cyclades,Tinos,37,Σταφίδα,asphalt_road,asphalt_road,low,low,added_low_evidence_note
Cyclades,Tinos,38,Σχοινάκι,asphalt_road,asphalt_road,low,low,added_low_evidence_note
Cyclades,Tinos,39,Τσαμπιά,asphalt_road,asphalt_road,low,low,added_low_evidence_note
Dodecanese,Agathonisi,0,Βαθύ Πηγάδι,passable_dirt_road,unknown,medium,low,access:passable_dirt_road->unknown|confidence:medium->low|added_low_evidence_note
Dodecanese,Agathonisi,1,Γαδουρόλακκος,hiking_path_easy,unknown,low,low,access:hiking_path_easy->unknown|added_low_evidence_note
Dodecanese,Agathonisi,2,Πάλος,hiking_path_easy,unknown,low,low,access:hiking_path_easy->unknown|added_low_evidence_note
Dodecanese,Agathonisi,4,Τσαγκάρι,hiking_path_easy,unknown,low,low,access:hiking_path_easy->unknown|added_low_evidence_note
Dodecanese,Arki,0,Πατελιά,hiking_path_easy,unknown,low,low,access:hiking_path_easy->unknown|added_low_evidence_note
Dodecanese,Arki,1,Λιμνάρι,hiking_path_easy,unknown,low,low,access:hiking_path_easy->unknown|added_low_evidence_note
Dodecanese,Astypalaia,0,Άγιος Βασίλειος,passable_dirt_road,unknown,medium,low,access:passable_dirt_road->unknown|confidence:medium->low|added_low_evidence_note
Dodecanese,Astypalaia,1,Άγιος Ιωάννης,hiking_path_easy,unknown,low,low,access:hiking_path_easy->unknown|added_low_evidence_note
Dodecanese,Astypalaia,2,Άγιος Ιωάννης,hiking_path_easy,unknown,low,low,access:hiking_path_easy->unknown|added_low_evidence_note
Dodecanese,Astypalaia,4,Βάι,passable_dirt_road,unknown,medium,low,access:passable_dirt_road->unknown|confidence:medium->low|added_low_evidence_note
Dodecanese,Astypalaia,5,Βάτσες,passable_dirt_road,unknown,medium,low,access:passable_dirt_road->unknown|confidence:medium->low|added_low_evidence_note
Dodecanese,Astypalaia,6,Καμινάκια,passable_dirt_road,unknown,medium,low,access:passable_dirt_road->unknown|confidence:medium->low|added_low_evidence_note
Dodecanese,Astypalaia,12,Μικρές Βάτσες,passable_dirt_road,unknown,medium,low,access:passable_dirt_road->unknown|confidence:medium->low|added_low_evidence_note
Dodecanese,Astypalaia,14,Πάνορμος,passable_dirt_road,unknown,medium,low,access:passable_dirt_road->unknown|confidence:medium->low|added_low_evidence_note
Dodecanese,Astypalaia,16,Παχιά Άμμος,passable_dirt_road,unknown,medium,low,access:passable_dirt_road->unknown|confidence:medium->low|added_low_evidence_note
Dodecanese,Astypalaia,19,Ψιλή Άμμος,passable_dirt_road,unknown,medium,low,access:passable_dirt_road->unknown|confidence:medium->low|added_low_evidence_note
Dodecanese,Kalymnos,0,Έξω Αλμύρες,hiking_path_easy,unknown,low,low,access:hiking_path_easy->unknown|added_low_evidence_note
Dodecanese,Kalymnos,1,Χαλί,hiking_path_easy,unknown,low,low,access:hiking_path_easy->unknown|added_low_evidence_note
Dodecanese,Kalymnos,5,Τίχη,hiking_path_easy,unknown,low,low,access:hiking_path_easy->unknown|added_low_evidence_note
Dodecanese,Kalymnos,7,Κασόνια,hiking_path_easy,unknown,low,low,access:hiking_path_easy->unknown|added_low_evidence_note
Dodecanese,Kalymnos,11,Παραλία Ελιά,hiking_path_easy,unknown,low,low,access:hiking_path_easy->unknown|added_low_evidence_note
Dodecanese,Kalymnos,15,Παραλία Μεγάλες Αλμύρες,hiking_path_easy,unknown,low,low,access:hiking_path_easy->unknown|added_low_evidence_note
Dodecanese,Kalymnos,16,Παραλία Μικρές Αλμύρες,hiking_path_easy,unknown,low,low,access:hiking_path_easy->unknown|added_low_evidence_note
Dodecanese,Karpathos,26,Βανάντα,hiking_path_easy,unknown,medium,low,access:hiking_path_easy->unknown|confidence:medium->low|added_low_evidence_note
Dodecanese,Karpathos,27,Βοτσαλάκια,asphalt_road,asphalt_road,low,low,added_low_evidence_note
Dodecanese,Karpathos,29,Άγιος Μηνάς,passable_dirt_road,unknown,medium,low,access:passable_dirt_road->unknown|confidence:medium->low|added_low_evidence_note
Dodecanese,Karpathos,31,Αργιλαοπόταμος,asphalt_road,asphalt_road,medium,low,confidence:medium->low|added_low_evidence_note
Dodecanese,Karpathos,32,Βάθια,passable_dirt_road,unknown,medium,low,access:passable_dirt_road->unknown|confidence:medium->low|added_low_evidence_note
Dodecanese,Karpathos,35,Κήπος Μιχαλιού,asphalt_road,asphalt_road,medium,low,confidence:medium->low|added_low_evidence_note
Dodecanese,Karpathos,37,Μακρύγιαλος,asphalt_road,asphalt_road,medium,low,confidence:medium->low|added_low_evidence_note
Dodecanese,Karpathos,42,Παραλία Διακοφτης,passable_dirt_road,unknown,medium,low,access:passable_dirt_road->unknown|confidence:medium->low|added_low_evidence_note
Dodecanese,Karpathos,44,Ψωράρης,passable_dirt_road,unknown,low,low,access:passable_dirt_road->unknown|added_low_evidence_note
Dodecanese,Kasos,0,Χέλατρος,asphalt_road,asphalt_road,medium,low,confidence:medium->low|added_low_evidence_note
Dodecanese,Kasos,1,Χοχλάκια,hiking_path_easy,unknown,low,low,access:hiking_path_easy->unknown|added_low_evidence_note
Dodecanese,Kasos,2,Μικρό Αυλάκι,hiking_path_easy,unknown,low,low,access:hiking_path_easy->unknown|added_low_evidence_note
Dodecanese,Kasos,3,Παραλία Τρίτα,hiking_path_easy,unknown,low,low,access:hiking_path_easy->unknown|added_low_evidence_note
Dodecanese,Kasos,4,Αμμούα,asphalt_road,asphalt_road,medium,low,confidence:medium->low|added_low_evidence_note
Dodecanese,Kastellorizo,2,Πλάκες,hiking_path_easy,unknown,medium,low,access:hiking_path_easy->unknown|confidence:medium->low|added_low_evidence_note
Dodecanese,Kos,17,Θερμά,asphalt_road,asphalt_road,medium,low,confidence:medium->low|added_low_evidence_note
Dodecanese,Kos,20,Παραλία Volcana,asphalt_road,asphalt_road,medium,low,confidence:medium->low|added_low_evidence_note
Dodecanese,Leros,2,Κιούρα,asphalt_road,asphalt_road,medium,low,confidence:medium->low|added_low_evidence_note
Dodecanese,Leros,5,Κόκκινη παραλία,asphalt_road,asphalt_road,low,low,added_low_evidence_note
Dodecanese,Leros,6,Παραλία Αγίας Κιούρας,asphalt_road,asphalt_road,medium,low,confidence:medium->low|added_low_evidence_note
Dodecanese,Lipsi,1,Άγιος Νικόλαος,hiking_path_easy,unknown,low,low,access:hiking_path_easy->unknown|added_low_evidence_note
Dodecanese,Lipsi,2,Κάμπος,hiking_path_easy,unknown,medium,low,access:hiking_path_easy->unknown|confidence:medium->low|added_low_evidence_note
Dodecanese,Lipsi,3,Καμάρες,hiking_path_easy,unknown,low,low,access:hiking_path_easy->unknown|added_low_evidence_note
Dodecanese,Lipsi,5,Κισσίρια,hiking_path_easy,unknown,low,low,access:hiking_path_easy->unknown|added_low_evidence_note
Dodecanese,Lipsi,6,Κοίμηση,hiking_path_easy,unknown,low,low,access:hiking_path_easy->unknown|added_low_evidence_note
Dodecanese,Lipsi,7,Κορακιά,hiking_path_easy,unknown,medium,low,access:hiking_path_easy->unknown|confidence:medium->low|added_low_evidence_note
Dodecanese,Lipsi,8,Λεντού,hiking_path_easy,unknown,medium,low,access:hiking_path_easy->unknown|confidence:medium->low|added_low_evidence_note
Dodecanese,Lipsi,9,Λύρα,hiking_path_easy,unknown,low,low,access:hiking_path_easy->unknown|added_low_evidence_note
Dodecanese,Lipsi,10,Μερσίνη,hiking_path_easy,unknown,low,low,access:hiking_path_easy->unknown|added_low_evidence_note
Dodecanese,Lipsi,11,Ξηρόκαμπος,hiking_path_easy,unknown,medium,low,access:hiking_path_easy->unknown|confidence:medium->low|added_low_evidence_note
Dodecanese,Lipsi,13,Πλατύς Γιαλός,asphalt_road,asphalt_road,medium,low,confidence:medium->low|added_low_evidence_note
Dodecanese,Lipsi,14,Πνιγμένος,hiking_path_easy,unknown,low,low,access:hiking_path_easy->unknown|added_low_evidence_note
Dodecanese,Lipsi,15,Στίφη,hiking_path_easy,unknown,low,low,access:hiking_path_easy->unknown|added_low_evidence_note
Dodecanese,Lipsi,16,Τουρκόμνημα,hiking_path_easy,unknown,medium,low,access:hiking_path_easy->unknown|confidence:medium->low|added_low_evidence_note
Dodecanese,Lipsi,17,Χοχλάκουρα,hiking_path_easy,unknown,medium,low,access:hiking_path_easy->unknown|confidence:medium->low|added_low_evidence_note
Dodecanese,Nisyros,0,Παχιά Άμμος,hiking_path_easy,unknown,medium,low,access:hiking_path_easy->unknown|confidence:medium->low|added_low_evidence_note
Dodecanese,Nisyros,1,Χοχλάκοι,asphalt_road,asphalt_road,medium,low,confidence:medium->low|added_low_evidence_note
Dodecanese,Patmos,1,Άσπρη,asphalt_road,asphalt_road,medium,low,confidence:medium->low|added_low_evidence_note
Dodecanese,Patmos,2,Χοχλακάς,asphalt_road,asphalt_road,medium,low,confidence:medium->low|added_low_evidence_note
Dodecanese,Patmos,3,Άγιος Θεολόγος,asphalt_road,asphalt_road,low,low,added_low_evidence_note
Dodecanese,Patmos,4,Σάψιλα,asphalt_road,asphalt_road,low,low,added_low_evidence_note
Dodecanese,Patmos,6,Λιβάδι Καλογήρων,passable_dirt_road,unknown,medium,low,access:passable_dirt_road->unknown|confidence:medium->low|added_low_evidence_note
Dodecanese,Patmos,9,Παραλία Δίδυμες,passable_dirt_road,unknown,medium,low,access:passable_dirt_road->unknown|confidence:medium->low|added_low_evidence_note
Dodecanese,Patmos,12,Παραλία Λεύκες,passable_dirt_road,unknown,medium,low,access:passable_dirt_road->unknown|confidence:medium->low|added_low_evidence_note
Dodecanese,Pserimos,0,Παραλία Αυλάκια,hiking_path_easy,unknown,low,low,access:hiking_path_easy->unknown|added_low_evidence_note
Dodecanese,Pserimos,1,Βαθύ,hiking_path_easy,unknown,medium,low,access:hiking_path_easy->unknown|confidence:medium->low|added_low_evidence_note
Dodecanese,Pserimos,2,Παραλία Μαραθούντα,hiking_path_easy,unknown,low,low,access:hiking_path_easy->unknown|added_low_evidence_note
Dodecanese,Rhodes,5,Αγία Τριάδα,asphalt_road,asphalt_road,low,low,added_low_evidence_note
Dodecanese,Rhodes,7,Κεραμενή,passable_dirt_road,unknown,low,low,access:passable_dirt_road->unknown|added_low_evidence_note
Dodecanese,Rhodes,8,Κόκκινα,passable_dirt_road,unknown,low,low,access:passable_dirt_road->unknown|added_low_evidence_note
Dodecanese,Rhodes,9,Λιμανάκι,asphalt_road,asphalt_road,low,low,added_low_evidence_note
Dodecanese,Rhodes,14,Παραλία Αλυκή,asphalt_road,asphalt_road,medium,low,confidence:medium->low|added_low_evidence_note
Dodecanese,Rhodes,20,Παραλία Καλαβάρδα,asphalt_road,asphalt_road,medium,low,confidence:medium->low|added_low_evidence_note
Dodecanese,Rhodes,21,Παραλία Καταφύγιο,passable_dirt_road,unknown,low,low,access:passable_dirt_road->unknown|added_low_evidence_note
Dodecanese,Rhodes,23,Παραλία Κοπριά,passable_dirt_road,unknown,low,low,access:passable_dirt_road->unknown|added_low_evidence_note
Dodecanese,Rhodes,24,Παραλία Κούλουρα,passable_dirt_road,unknown,low,low,access:passable_dirt_road->unknown|added_low_evidence_note
Dodecanese,Rhodes,25,Παραλία Κόκκινη Άμμος,passable_dirt_road,unknown,low,low,access:passable_dirt_road->unknown|added_low_evidence_note
Dodecanese,Rhodes,26,Παραλία Κύματα,passable_dirt_road,unknown,low,low,access:passable_dirt_road->unknown|added_low_evidence_note
Dodecanese,Rhodes,28,Παραλία Λιμνί,passable_dirt_road,unknown,low,low,access:passable_dirt_road->unknown|added_low_evidence_note
Dodecanese,Rhodes,29,Παραλία Μάσαρη,asphalt_road,asphalt_road,low,low,added_low_evidence_note
Dodecanese,Rhodes,33,Παραλία Φούρνοι,passable_dirt_road,unknown,low,low,access:passable_dirt_road->unknown|added_low_evidence_note
Dodecanese,Rhodes,35,Σουσούνια,passable_dirt_road,unknown,low,low,access:passable_dirt_road->unknown|added_low_evidence_note
Dodecanese,Symi,7,Παραλία της Σάρα,hiking_path_easy,unknown,low,low,access:hiking_path_easy->unknown|added_low_evidence_note
Dodecanese,Telendos,0,Παραλία Πνιγμένος,hiking_path_easy,unknown,low,low,access:hiking_path_easy->unknown|added_low_evidence_note
Dodecanese,Telendos,1,Παραλία Παπά,hiking_path_easy,unknown,low,low,access:hiking_path_easy->unknown|added_low_evidence_note
Dodecanese,Telendos,2,Παραλία Χοχλακάς,hiking_path_easy,unknown,low,low,access:hiking_path_easy->unknown|added_low_evidence_note
Dodecanese,Tilos,0,Σταυρός,hiking_path_easy,unknown,low,low,access:hiking_path_easy->unknown|added_low_evidence_note
Dodecanese,Tilos,3,Αγία Πέτρος,hiking_path_easy,unknown,low,low,access:hiking_path_easy->unknown|added_low_evidence_note
Dodecanese,Tilos,6,Λιμενάρι,hiking_path_easy,unknown,low,low,access:hiking_path_easy->unknown|added_low_evidence_note
Dodecanese,Tilos,7,Παραλία Κοκκίνι,hiking_path_easy,unknown,low,low,access:hiking_path_easy->unknown|added_low_evidence_note
